Christopher,Chapdelaine,26491
Coreen,Van Elkington,15989
Marcelene,Virgil,8039
Celeste,Gheen,7526
Daniella,Zapien,12499
Flavia,Toledo,14130
Aurelia,Rollison,9291
Asuncion,Wendland,6312
Lucinda,Jurado,18050
Broderick,Fugitt,3157
Myrtle,Fujiwara,4079
Evonne,Hockman,21720
Donnette,Steveson,19206
Wanda,Escudero,25181
Leonore,Hoos,32620
Britta,Enderle,21598
Margery,Quellette,31078
Antonette,Kao,31368
Tad,Garrity,25464
Cris,Skowronski,8017
Barrie,Devoe,1275
Mikki,Esposito,9381
Scott,Kist,775
Jong,Mccallie,20146
Jessia,Serpa,10754
Elvin,Stauffer,29367
Cierra,Boelter,31934
Jane,Sklar,3947
Zandra,Epperson,15075
Rosanna,Kurt,2638
Gema,Kwiecien,29468
Derrick,Jeppson,22794
Hue,Falcone,13887
Lakia,Stronach,12197
Leonila,Malinowski,20328
Hilda,Bible,21564
Carylon,Forcier,12732
Ebony,Cardinale,26236
Xochitl,Teems,18264
Jerrold,Poppell,11532
Alan,Pontes,9616
Silvia,Gist,17588
Alpha,Castro,4486
Jonas,Heart,19673
Jessica,Deramus,25806
Lizette,Yule,21164
Carolin,Roseborough,29843
Bernarda,Taormina,14361
Lorrine,Riche,20083
Brenda,Hale,5470
