Navarro,Lula,1815325402
Sayre,Delmar,3965223541
Christian,Tonita,1865214726
Lavalle,Thresa,6864237772
Lutes,Cathi,2844612173
Seidel,Dominque,2984312014
Leech,Lissa,1813138021
Charney,Nisha,1814521089
Aldaco,Nancee,2878119158
Motter,Alvera,1430517725
Brow,Lilli,1565856315
Dicken,Maryellen,2439015718
Livesay,Janell,3189023475
Riner,Shenna,2760130231
Andrews,Matha,3122829326
Arel,Inocencia,3092411416
Burchette,Mercy,1076028292
Test,Guillermo,5006301942
Ayers,Elli,2084287761
Olds,Trena,2892429677
Clara,Vella,9225259591
Crick,Jeanne,2125226806
Zygmont,Beth,2438113964
Fulcher,Magali,7714297151
Jeanbaptiste,Gina,2318426685
Grinstead,Kalyn,7901109841
Burdette,Noelia,5026106822
Matzen,Queenie,3258578632
Manger,Jammie,1289021666
Lundahl,Yu,2778021785
Weingartner,Tawana,1646236633
Kutz,Shawnee,2770712105
Ridgway,Neda,1353511767
Malpass,Ellyn,2512516792
Demps,Brynn,5500324922
Huffstutler,Mohammad,1779769032
Cottrill,Tammy,1647734192
Sheppard,Walker,1706318591
Rennie,Marvella,1930320271
Deshotel,Valrie,9328178286
Norberg,Donald,1428445252
Autry,Pinkie,2911813177
Menter,Danial,3978229597
Lore,Diedra,2824644015
Desilets,Cinda,1303420363
Minyard,Laurel,3169297861
Sizelove,Antione,2201621955
Branscum,Livia,5143992721
Mitchel,Wilber,1182416725
Zirkle,Micah,2816056362
Gleeson,Tomika,2038915570
Vantrease,Leena,9002260471
Hessel,Freeman,1506514121
Campione,Daryl,1286813798
Hippert,Erica,6674489970
Mcwhirter,Kandice,5258317431
Feinberg,Fidel,1200118151
Gilsdorf,Lela,8366832283
Hattaway,Raymonde,2858027510
Herbst,Carmelina,2797126934
Roesler,Isa,2176315405
Love,Cole,7273109922
Carlton,Sarina,2238816082
Berumen,Lupe,2848304197
Pinkney,Floyd,7353213913
Stivers,Antonia,2710438291
Heiss,Tammy,2185416858
Buttery,Geri,2167610245
Arvie,Noble,1900612944
Overbeck,Glen,1448383995
Shrum,Shery,6654260130
Linehan,Yuri,2693010682
Inglis,Leandra,9871183479
Ohalloran,Concepcion,2615823628
Siguenza,Taisha,1297418678
Hartsock,Lacy,2066817059
Dunham,Ludivina,1213219018
Bohnsack,Wayne,4379202193
Lurie,Jewel,1472821951
Raimondi,Carroll,1128617197
Orduno,Domenic,1823589081
Zehnder,Latanya,1856520929
Spiker,Bernice,1385260512
Stwart,Leopoldo,2580330088
Mona,Rosaria,2593239211
Olivas,Annamae,1544722851
Wooster,Marget,2301931745
Belford,Colette,2384634918
Puthoff,Williams,1781350481
Taveras,Tonda,2796513326
Knappenberger,Gabriele,5992228401
Cargill,Paul,8241644521
Brooks,Hugo,6351270392
Wink,Letty,2371315901
Esterline,Kira,2738927624
Forte,Penney,4536285653
Rollins,Euna,1342928774
Augustus,Carola,1553575292
Gately,Mirian,3238816462
Winton,Cindie,7751871316
Wishon,Cherlyn,1709174682
Boos,Robbie,8272312342
Meals,Kerri,1039228779
Benham,Rina,2743027514
Rotolo,Willia,2936427343
Mckinzie,Agripina,1105776061
Eshbaugh,Tressie,7316511614
Dalbey,Tamera,1635834113
Kreitzer,Tod,1024218927
Monette,Rana,1682825620
Hsieh,Alisa,6803124182
Quaid,Sean,5832813818
Shira,Bobbi,1104943311
Jaime,Arnold,1462110860
Bayless,Joesph,8048105551
Mccain,Leticia,3039167122
Sorrell,Gaylord,2288327617
Kibbe,Lyman,1854163329
Yelvington,Clora,5318120701
Kitson,Marjorie,1995618174
Allaire,Drucilla,2167619632
Covert,Carmine,2938621763
Oriley,Graham,2401254618
Lanier,Maricruz,2817819611
Swims,Nadia,1324623289
Muro,Matha,1719627809
Streeter,Mayra,1409019278
Fortuna,Lesa,2202014221
Lucero,Marylyn,1282125625
Meininger,Sabina,2881619188
Maselli,Darla,1773144096
Swindoll,Latonia,3080499891
Schreiner,Weldon,2455519247
Merten,Talitha,2147226123
Curnutt,Grover,2795716371
Burchfield,Norine,7825584173
Blanding,Candy,2105231003
Reddy,Myrtie,2221521942
Roosevelt,Stanford,1721310249
Wohlwend,Krystina,5092073465
Tsan,Clarence,2118719580
Vaz,Sibyl,9137172842
Gula,Tobias,2844992282
Tomes,Earnest,1079623198
Hinckley,Hiedi,4090248051
Hartwell,Fransisca,2196023234
Peak,Camellia,5050177223
Renfrow,Kassie,2826226367
Barco,Emilee,1974019159
Melito,Loraine,1048714465
Gilcrease,Luis,1654927282
Mcaninch,Thresa,1560517936
Busby,Jeannette,4645286241
Venturini,Tameika,1072923439
Spellman,Sofia,8763124991
Carreira,Berniece,1149485757
Summerville,Orpha,2350436412
Schaal,Aubrey,2612252441
Arthur,Mathilda,1269725212
Patao,Quintin,1177827837
Muro,Chastity,1935124946
Layfield,Shanon,7044301022
Setzer,Georgia,2575226572
Durgin,Samantha,1454921751
Meyerson,Neida,2245415001
Germann,Ashlea,2694617132
Lerma,Georgeann,2402114018
Pates,Keeley,3242512573
Emory,Caridad,3152728814
Dentler,Sunny,3249625166
Ohearn,Nathanial,7338171822
Bien,Tashia,6539291509
Lando,Sharla,2602220463
Fripp,Aracelis,1970419274
Baginski,Jamila,1157028253
Tague,Ariel,1542845211
Litton,Jennefer,1118228453
Knobel,Maisha,1344530512
Jeffress,Ernie,2259930656
Agron,Carolee,2518411971
Hinchman,Elene,3032810804
Bardwell,Stephane,1421120749
Avilez,Cecilia,2138227717
Giffen,Bee,4210457305
Brink,Karin,1331431510
Fiorini,Blanch,1039696513
Dabrowski,Fidela,2900158021
Ricco,Karisa,1297213787
Chicoine,Carmelia,1818135222
Sermons,Collene,2335550383
Todd,Agustina,2065128528
Sonntag,Lelah,2859511555
Soloman,Claris,1407726226
Mally,Kristyn,2138731567
Amsler,Camila,3463328551
Ruhland,Jayne,1376818913
Mcgregor,Modesta,2461226986
Taggart,Creola,3032828324
Mcclean,Trish,2879248251
Spicer,Alethea,1541528930
Maxim,Birdie,9077202641
Sawyer,Kyla,1476485732
Gudger,Andera,7897901730
Perin,Berta,8971850266
Ransdell,Myung,5805210662
Coffman,Kamala,2139522888
Gleason,Tom,1914119829
Esper,Hedwig,8975253232
Mcleish,Federico,1338049121
Hudec,Donella,2747823988
Tipton,Tyler,2536732461
Avans,Maegan,1582114418
Monger,Alice,2936204123
Blackmon,Clemencia,1865826481
Rodden,Carl,1725929246
Morrell,Marissa,2804934161
Finamore,Shella,2873827779
Summy,Michelle,1249446114
Alfrey,Walker,2562683291
Leja,Kaitlin,2186210158
Brack,Joyce,1110112910
Petitt,Kimberely,1452718487
Dover,Tomi,2624123328
Morgado,Lauralee,2895158257
Layden,Hue,1082128953
Moretz,Norma,1194214879
Sims,Corrina,3064925958
Strom,Kerrie,1771191532
Mcgahey,Lanette,1208521922
Spinks,Parthenia,4481182272
Simental,Donetta,6942466294
Brugman,Hertha,3832167974
Luebke,Jayne,2954840311
Mann,Nida,7419289951
Bonnell,Kimber,1633216271
Weckerly,Sam,2982232004
Hoag,Elna,7126208761
Lucian,Chance,1984019420
Rickerson,Tiffiny,1583632596
Ringwood,Shantell,1345227748
Wallner,Marx,2451081711
Buchanon,Natalya,4154277282
Quinteros,Benjamin,1079562415
Wolpert,Meggan,2218981745
Plasencia,Melisa,1692225124
Hougland,Elenor,2946022955
Helgren,Dixie,1618149753
Brickner,Homer,2334044951
Stalls,Coletta,3197216919
Sater,Maricruz,2169031934
Roberie,Reuben,2884631835
Manson,Kayleigh,2741153675
Adolphson,Milly,1608880351
Leask,Tonja,5270411916
Olmstead,Tasha,2159325263
Wada,Amada,2094183269
Money,Samatha,2340932615
Humphreys,Mathilde,1710741027
Wittman,Britteny,6445121572
Poston,Coretta,1562415221
Ellery,Gabriele,3146432065
Otten,Thurman,2057310905
Wolak,Angle,2144729402
Lazar,Marjory,1969216623
Finger,Lynna,1900314800
Bernhardt,Rosalyn,1609312191
Blount,Roman,3008110884
Pimentel,Nita,2557290332
Dubuque,Jacquelyne,1104319380
Cadden,Gertrudis,2067216828
Sapien,Kathi,3186216890
Hagan,Stephane,1810919476
Siddiqi,Caprice,2562712108
Sison,Assunta,1464125822
Settle,Rick,9089636263
Macedo,Toi,7682291366
Knutson,Lamonica,2057514007
Fullerton,Joye,1948114698
Seavey,Kathern,4669775272
Blossom,Lorette,7929213731
Warman,Jaunita,4074311871
Kleis,Leola,1181317830
Devine,Jerry,3333623613
Matlock,Zack,1886770962
Menjivar,Lanell,1419817983
Bramble,Abigail,1216187661
Hersh,Hank,9460176562
Clausen,Dortha,2808239693
Glascock,Bryanna,1273932230
Yokley,Kaitlin,9747233002
Bleau,Katrina,2659710524
Shanahan,Tera,2952532359
Schultze,Dina,3103924135
Yonker,Lucie,1869930422
Mueller,Margarette,4211293822
Galvan,Marcus,1947533212
Whisenant,Regine,1349016863
Wissing,Darby,1365014995
Speirs,Spring,1381719893
Trembley,Justine,1823812805
Sakata,Amiee,3137816068
Delnero,Victorina,2952421963
Gaffney,Amanda,3189121352
Jiles,Faustina,1219281872
Huntsberry,Willie,3055516213
Hoaglin,Ina,3180331180
Doyel,Alex,1769031518
Hannaman,Lyn,6342779345
Alto,Amelia,2772094430
Facio,Portia,2712218853
Neider,Derek,2385025187
Priest,Janel,3833289628
Guilbert,Mozell,2440345337
Gerstner,Billye,1002018982
Shuffler,Geri,1206359137
Ide,Hildegarde,1824523024
Dinsmore,Kacy,1925594751
Heck,Polly,7997209574
Kerbs,Vernell,2920253852
Prenatt,Domenic,2034130436
Lucius,Agustina,2033679282
Yerkes,Sabrina,2826331001
Lafleur,Tristan,2300841616
Quaid,Eddy,1589215148
Gustafson,Alphonse,2463330387
Capps,Rolando,4493253830
Beane,Keesha,1821020472
Micheals,Maurita,2519717337
Corona,Heide,3034810517
Bragg,Karrie,5722287022
Lazaro,Ghislaine,3051711756
Poor,Katherine,2983418232
Chico,Exie,1642110427
Alderman,Louisa,1925810564
Timm,Marlon,1336229084
Phoenix,Ngoc,1771915623
Foran,Valentine,2035019972
Satter,Cecilia,2850313484
Kinkel,Blossom,1270164552
Boughton,Alia,2815914988
Boaz,Ronald,1941118193
Stinger,Odelia,2524586830
Merriam,Stormy,2383533081
Yetter,Elwood,3012174275
Plants,Janett,8479198231
Manns,Sonny,2194226684
Graver,Maurice,1970821222
Yohn,Ayana,1479528063
Manfre,Elene,1231514765
Kerwin,Dayle,3124519861
Quillin,Shala,1272343203
Vogt,Genevieve,1117312637
Meinke,Karey,3232511323
Pixley,Alison,1274918501
Defrank,Georgie,2588589421
Bardsley,Orval,2951121737
Hellums,Man,2607017543
Goodenough,Lea,1635416853
Stearn,Arnulfo,2811618545
Martz,Myrtis,2610581619
Birden,Stephenie,1786528018
Hebel,Hillary,3070911840
Villalpando,Flossie,1208323462
Rodriquez,Catherina,1684122614
Worrell,Juliet,1276319441
Cortright,Giovanni,2827622805
Draper,Blanche,6485231919
Stryker,Valencia,2393772792
Montague,Benny,8836228757
Mansour,Dina,1037540047
Bussell,Stacee,2280540872
Schiavone,Stephanie,2269976842
Matney,Daniella,9473324721
Bazaldua,Han,1948343472
Ruano,Lamonica,2062190171
Luera,Edmond,1934714224
Ryburn,Retha,2893230236
Depaul,Una,2044232233
Kamm,Belkis,2370726700
Smithey,Brandon,3053229892
Schafer,Esperanza,7203574859
Sally,Irina,1105618686
Mcgonigle,Evie,2300030335
Samford,Cyndi,3008911022
Arocho,Oralia,1714813605
Shank,Odilia,1606986416
Borrero,Robert,3267079691
Hubbard,Ashlyn,2686027036
Claassen,Cristine,1640617858
Fincham,Isabel,2714531894
Benge,Lisandra,3136967067
Ling,Ada,1144926975
Frizell,Sonny,2263433172
Zarate,Marilee,2870821240
Statler,Kieth,2149375356
Bankston,Huey,1275320042
Chronister,Rigoberto,1459228775
Rigney,Jazmine,2944017213
Byun,Rosella,8699195451
Dentle,Fredric,2009325123
Tarr,Madaline,9837244081
Ackles,Max,1581826802
Cesare,Carita,1419910286
Graybill,Luetta,1197819315
Smiddy,Lelah,1173110502
Boettcher,Anglea,1546820584
Mclachlan,Noemi,2150932748
Hollins,Deangelo,1745272584
Raab,Valery,2147116061
Grear,Viva,1115426925
Hutchins,Josie,2150224660
Hibbard,Reva,2193634251
Davisson,Israel,1774131926
Wilhoit,Ivey,1859729585
Hacker,Natasha,2470399737
Cao,Christi,7995018972
Netzer,Ardella,2139914262
Sheffey,Mellie,4672915424
Handley,Vivan,8034171163
Brumm,Josh,2995659591
Deveau,Gladis,9465308201
Sholtis,Shayne,9732619122
Lucien,Jen,2540982516
Stengel,Eliana,3244518819
Binder,Felipe,2570914401
Meunier,Maxie,5349154323
Rethman,Clara,2341710427
Richert,Milan,5153229402
Waller,Lolita,2910371771
Selders,Tynisha,2838417851
Yagi,Caroyln,1744412501
Saladino,Kellie,2820520926
Marcum,Eleonor,4409240614
Verrill,Lynell,1769676401
Coaxum,Lael,5661181561
Damore,Adalberto,1801224792
Sherrell,Gertude,7239173081
Reiss,Edythe,1883281084
Vales,Rigoberto,1407827607
Hotz,Shemika,1663321723
Mcferren,Clayton,1250027563
Proffit,Sonya,3247620573
Hillock,Marine,1053211876
Cai,Jeanette,1102221877
Lakin,Daniele,2498610005
Cain,Lea,2673425979
Gilland,Janay,1527330481
Olivieri,Hunter,1085621524
Ricker,Hilary,2613212782
Scovil,Elenor,1496221313
Oriol,Virgil,1495219485
Duck,Tashia,2804831720
Cartwright,Katheryn,1907023149
Magar,Chelsea,2514293431
Fossett,Lucienne,7676167752
Dildy,Anabel,2350686722
Lebel,Ralph,8147218742
Mericle,Lettie,3180118479
Schaub,Rae,1529626895
Vancleve,Raelene,1772113483
Lines,Willie,1121319867
Donahue,Dolly,3073816017
Broomfield,Aurore,3015916946
Pozo,Tessa,4751114485
Felan,Lean,6376213202
Caballero,Zaida,2164133489
Caton,Marketta,2739710801
Printup,Marcelo,3004931797
Fromm,Alina,9822196083
Arney,Perla,2440237521
Quast,Alberta,9979194651
Raab,Ardith,6136325312
Cobey,Alishia,2257125961
Kauzlarich,Jeffrey,2450614459
Sutterfield,Ricardo,2100542192
Antos,Love,1980827391
Chon,Oliver,9994326032
Norman,Candance,8330319321
Schipper,Susan,2491835891
Azure,Dania,1674016233
Merle,Errol,1240586533
Strite,Jacquelin,1795618395
Marcy,Danial,1809830950
Sherrill,Lizette,1038213697
Vong,Florida,2627927101
Feggins,Shea,1112227110
Kaminski,Fredericka,8378489315
Loomis,Marianela,2871512339
Madeiros,Tiera,1654031339
Boyster,Sharleen,1539221677
Pelosi,Zola,2733972733
Tressler,Elenore,2822811313
Lok,Kent,2715127669
Dunnigan,Beaulah,9367300513
Monn,Barbie,1151816969
Cummins,Barbra,4517122652
Costillo,Tommy,2956215675
Brickhouse,Annamaria,5165224207
Engleman,Allyn,1131240922
Otte,Ginny,4569152417
